{
  "snapshot": {
    "created": "2022-10-25T19:51:28.55",
    "database": {
      "productVersion": "14.5",
      "shortName": "postgresql",
      "majorVersion": "14",
      "minorVersion": "5",
      "user": "postgres",
      "productName": "PostgreSQL",
      "url": "jdbc:postgresql://localhost:5432/test"
    },
    "objects": {
      "liquibase.structure.core.Catalog": [
        {
          "catalog": {
            "default": true,
            "name": "test",
            "snapshotId": "445b100"
          }
        }]
      ,
      "liquibase.structure.core.Schema": [
        {
          "schema": {
            "catalog": "liquibase.structure.core.Catalog#445b100",
            "default": true,
            "name": "public",
            "snapshotId": "445b101"
          }
        }]
      
    },
    "snapshotControl": {
      "snapshotControl": {
        "includedType": [
          "liquibase.structure.core.Catalog",
          "liquibase.structure.core.Column",
          "liquibase.structure.core.ForeignKey",
          "liquibase.structure.core.Index",
          "liquibase.structure.core.PrimaryKey",
          "liquibase.structure.core.Schema",
          "liquibase.structure.core.Sequence",
          "liquibase.structure.core.Table",
          "liquibase.structure.core.UniqueConstraint",
          "liquibase.structure.core.View"]
        
      }
    }
  }
}
